TxM,Substance,Molecule,Concentration,Start,End,shortfile,root
763,Cuivre,Cu(Cl2)_2(H20),10ug,2020-11-06 10:30:00,2020-11-06 10:34:00,1.0,['20201106-095246']
764,Cuivre,Cu(Cl2)_2(H20),100ug,2020-11-06 10:35:00,2020-11-06 10:43:00,1.0,['20201106-095751']
765,Cuivre,Cu(Cl2)_2(H20),380ug,2020-11-06 10:47:00,2020-11-06 10:51:00,1.0,['20201106-100111']
767,Cuivre,Cu(Cl2)_2(H20),1000ug,2020-11-06 10:51:00,2020-11-06 10:54:00,1.0,['20201106-100701']
766,TEM,,0ug,2020-11-06 10:55:00,2020-11-06 10:57:00,1.0,['20201106-100422']
763,Cuivre,Cu(Cl2)_2(H20),2ug,2020-11-13 11:30:00,2020-11-13 11:36:00,1.0,['20201113-110550']
764,Cuivre,Cu(Cl2)_2(H20),10ug,2020-11-13 11:39:00,2020-11-13 11:44:00,1.0,['20201113-110730']
765,Cuivre,Cu(Cl2)_2(H20),50ug,2020-11-13 11:48:00,2020-11-13 11:53:00,1.0,['20201113-110839']
767,Cuivre,Cu(Cl2)_2(H20),100ug,2020-11-13 11:54:00,2020-11-13 11:58:00,1.0,['20201113-111055']
766,TEM,,0ug,2020-11-13 11:59:00,2020-11-13 12:00:00,1.0,['20201113-111011']
763,Zinc,Zn(SO4)_7(H2O),36ug,2020-11-20 09:51:00,2020-11-20 09:58:00,1.0,['20201120-093425']
764,Zinc,Zn(SO4)_7(H2O),72ug,2020-11-20 10:00:00,2020-11-20 10:07:00,1.0,['20201120-093625']
765,Zinc,Zn(SO4)_7(H2O),360ug,2020-11-20 10:08:00,2020-11-20 10:15:00,1.0,['20201120-093739']
767,Zinc,Zn(SO4)_7(H2O),720ug,2020-11-20 10:16:00,2020-11-20 10:22:00,1.0,['20201120-092817']
766,TEM,,0ug,2020-11-20 10:22:00,2020-11-20 10:24:00,1.0,['20201120-093830']
763,Zinc,Zn(SO4)_7(H2O),36ug,2020-11-27 10:40:00,2020-11-27 10:48:00,1.0,['20201127-084605']
764,Zinc,Zn(SO4)_7(H2O),72ug,2020-11-27 10:49:00,2020-11-27 10:54:00,1.0,['20201127-084955']
765,Zinc,Zn(SO4)_7(H2O),360ug,2020-11-27 10:55:00,2020-11-27 11:01:00,1.0,['20201127-085032']
767,Zinc,Zn(SO4)_7(H2O),720ug,2020-11-27 11:02:00,2020-11-27 11:07:00,1.0,['20201127-085446']
766,TEM,,0ug,2020-11-27 11:08:00,2020-11-27 11:11:00,1.0,['20201127-085116']
763,Zinc,Zn(SO4)_7(H2O),36ug,2020-12-04 13:09:00,2020-12-04 13:14:00,0.0,['20201202-090830' '20201204-095742']
764,Zinc,Zn(SO4)_7(H2O),72ug,2020-12-04 13:15:00,2020-12-04 13:20:00,0.0,['20201201-225222' '20201204-095930']
765,Zinc,Zn(SO4)_7(H2O),360ug,2020-12-04 13:21:00,2020-12-04 13:25:00,0.0,['20201202-092545' '20201204-100132']
767,Zinc,Zn(SO4)_7(H2O),720ug,2020-12-04 13:26:00,2020-12-04 13:30:00,0.0,['20201202-092421' '20201204-100452']
766,TEM,,0ug,2020-12-04 13:31:00,2020-12-04 13:34:00,0.0,['20201201-225348' '20201204-100352']
763,Aluminium,(Al)(Cl3)_6(H20),454ug,2020-12-11 09:56:00,2020-12-11 10:01:00,0.0,['20201208-193920' '20201211-080603']
764,Cobalt,(Co)(SO4)_7(H20),141ug,2020-12-11 10:01:00,2020-12-11 10:06:00,0.0,['20201208-193159' '20201211-080813']
765,Manganese,(Mn)(SO4)_(H20),2969ug,2020-12-11 10:14:00,2020-12-11 10:19:00,0.0,['20201209-100726' '20201211-081108']
767,Chloroacetic Acid,C2H3ClO2,19200ug,2020-12-11 10:19:00,2020-12-11 10:24:00,0.0,['20201209-100915' '20201211-081326']
766,TEM,,0ug,2020-12-11 10:25:00,2020-12-11 10:30:00,0.0,['20201208-182925' '20201211-081239']
763,Aluminium,AlCl3_6(H2O),454ug,2020-12-18 10:51:00,2020-12-18 10:56:00,0.0,['20201215-180908' '20201218-081954']
764,Cobalt,Co(SO4)_7(H20),141ug,2020-12-18 10:57:00,2020-12-18 11:01:00,0.0,['20201215-181056' '20201218-082751']
765,Manganese,Mn(SO4)_(H20),2969ug,2020-12-18 11:04:00,2020-12-18 11:08:00,0.0,['20201215-182739' '20201218-082914']
767,Chloroacetic,C2H3ClO2,19200ug,2020-12-18 11:09:00,2020-12-18 11:13:00,0.0,['20201216-090441' '20201218-082611']
766,TEM,,0ug,2020-12-18 11:13:00,2020-12-18 11:17:00,0.0,['20201215-182016' '20201218-084239']
763,Aluminium,AlCl3_6(H2O),454ug,2021-01-15 11:38:00,2021-01-15 11:43:00,0.0,['20210113-155243' '20210115-085454']
764,Cobalt,Co(SO4)_7(H20),141ug,2021-01-15 11:45:00,2021-01-15 11:50:00,0.0,['20210113-154454' '20210115-085600']
765,Manganese,Mn(SO4)_(H20),2969ug,2021-01-15 11:53:00,2021-01-15 11:58:00,0.0,['20210113-154735' '20210115-085628']
767,Chloroacetic,C2H3ClO2,19200ug,2021-01-15 11:59:00,2021-01-15 12:02:00,0.0,['20210113-160103' '20210115-085744']
766,TEM,,0ug,2021-01-15 12:03:00,2021-01-15 12:06:00,0.0,['20210113-155002' '20210115-085705']
763,Aluminium,AlCl3_6(H2O),454ug,2021-01-22 15:27:00,2021-01-22 15:33:00,1.0,['20210121-170004']
764,Cobalt,Co(SO4)_7(H20),141ug,2021-01-22 15:34:00,2021-01-22 15:38:00,1.0,['20210121-172216']
765,Manganese,Mn(SO4)_(H20),2969ug,2021-01-22 15:39:00,2021-01-22 15:43:00,1.0,['20210121-181516']
767,Chloroacetic,C2H3ClO2,19200ug,2021-01-22 15:44:00,2021-01-22 15:47:00,1.0,['20210121-165454']
766,TEM,,0ug,2021-01-22 15:48:00,2021-01-22 15:52:00,1.0,['20210121-165244']
763,Aluminium,AlCl3_6(H2O),454ug,2021-01-29 14:22:00,2021-01-29 14:25:00,1.0,['20210128-092420']
764,Cobalt,Co(SO4)_7(H20),141ug,2021-01-29 14:27:00,2021-01-29 14:31:00,1.0,['20210128-093312']
765,Chloroacetic,C2H3ClO2,37700ug,2021-01-29 14:32:00,2021-01-29 14:35:00,1.0,['20210128-094802']
767,Chloroacetic,C2H3ClO2,19200ug,2021-01-29 14:39:00,2021-01-29 14:43:00,1.0,['20210128-101215']
766,TEM,,0ug,2021-01-29 14:43:00,2021-01-29 14:49:00,1.0,['20210128-095719']
767,Chloroacetic,C2H3ClO2,19200ug,2021-02-05 15:35:00,2021-02-05 15:40:00,0.0,['20210204-130923' '20210205-155156']
763,Mercury,HgCl2,2ug,2021-02-05 17:05:00,2021-02-05 17:10:00,1.0,['20210204-102756']
764,Chromium,CrO3,42ug,2021-02-05 17:12:00,2021-02-05 17:16:00,1.0,['20210204-125553']
765,Manga,Mn(SO4)_(H20),2969ug,2021-02-05 17:16:00,2021-02-05 17:21:00,1.0,['20210204-125724']
766,TEM,,0ug,2021-02-05 17:22:00,2021-02-05 17:25:00,1.0,['20210204-125842']
763,Mercury,HgCl2,2ug,2021-02-12 12:27:00,2021-02-12 12:32:00,0.0,['20210210-104957' '20210212-122136']
767,Mercury,HgCl2,4ug,2021-02-12 12:33:00,2021-02-12 12:37:00,0.0,['20210210-115604' '20210212-091944']
764,Chromium,CrO3,42ug,2021-02-12 12:39:00,2021-02-12 12:43:00,0.0,['20210210-112918' '20210212-091128']
765,Manga,Mn(SO4)_(H20),2969ug,2021-02-12 12:44:00,2021-02-12 12:48:00,0.0,['20210210-113252' '20210212-091315']
766,TEM,,0ug,2021-02-12 12:51:00,2021-02-12 12:53:00,0.0,['20210210-113957' '20210212-091700']
765,Nitrate,Na(NO3),100000ug,2021-02-19 14:34:00,2021-02-19 14:38:00,0.0,['20210216-120309' '20210219-090646']
764,Chloride,NaCl,500000ug,2021-02-19 14:45:00,2021-02-19 14:50:00,0.0,['20210217-163017' '20210219-090605']
767,Chloride,NaCl,250000ug,2021-02-19 14:52:00,2021-02-19 14:56:00,0.0,['20210216-120509' '20210219-091031']
766,TEM,,0ug,2021-02-19 14:58:00,2021-02-19 15:01:00,0.0,['20210216-120412' '20210219-090758']
763,Nitrate,Na(NO3),50000ug,2021-02-19 15:02:00,2021-02-19 15:05:00,0.0,['20210216-115643' '20210219-090443']
763,Nitrate,Na(NO3),100000ug,2021-02-26 16:16:00,2021-02-26 16:21:00,0.0,['20210223-115237' '20210226-092012']
765,Nitrate,Na(NO3),50000ug,2021-02-26 16:23:00,2021-02-26 16:26:00,0.0,['20210223-115622' '20210226-092333']
764,Chloride,NaCl,500000ug,2021-02-26 16:29:00,2021-02-26 16:34:00,0.0,['20210223-115435' '20210226-092104']
767,Chloride,NaCl,250000ug,2021-02-26 16:35:00,2021-02-26 16:39:00,0.0,['20210223-115934' '20210226-092555']
766,TEM,,0ug,2021-02-26 16:40:00,2021-02-26 16:42:00,0.0,['20210223-120258' '20210226-092418']
764,Cuivre,Cu(Cl2)_2(H20),100ug,2021-03-05 16:04:00,2021-03-05 16:05:00,0.0,['20210302-141646' '20210305-081116']
765,Zinc,Zn(SO4)_7(H2O),720ug,2021-03-05 16:07:00,2021-03-05 16:08:00,0.0,['20210302-141533' '20210305-081238']
767,Zinc,Zn(SO4)_7(H2O),360ug,2021-03-05 16:10:00,2021-03-05 16:11:00,0.0,['20210302-141258' '20210305-081636']
763,Cuivre,Cu(Cl2)_2(H20),50ug,2021-03-05 16:12:00,2021-03-05 16:13:00,0.0,['20210302-142015' '20210305-080912' '20210305-155306']
766,TEM,,0ug,2021-03-05 16:15:00,2021-03-05 16:15:00,0.0,['20210303-184004' '20210305-155750']
767,TEM,,0ug,2021-03-12 15:40:00,2021-03-12 16:03:30,0.0,[]
764,TEM,bullee,0ug,2021-03-12 15:57:00,2021-03-12 15:58:10,0.0,[]
765,TEM,evian,0ug,2021-03-12 15:59:00,2021-03-12 16:00:10,0.0,[]
766,TEM,forage,0ug,2021-03-12 16:01:00,2021-03-12 16:01:50,0.0,[]
763,TEM,forage,0ug,2021-03-12 16:03:00,2021-03-12 16:03:45,0.0,[]
764,TEM,,0ug,2021-03-13 12:40:00,2021-03-13 13:00:00,0.0,[]
767,TEM,bullee,0ug,2021-03-13 12:46:00,2021-03-13 12:48:16,0.0,[]
763,TEM,radix,0ug,2021-03-13 12:49:00,2021-03-13 12:51:30,0.0,[]
765,TEM,bullee,0ug,2021-03-13 12:52:00,2021-03-13 12:53:45,0.0,[]
766,TEM,forage,0ug,2021-03-13 12:55:00,2021-03-13 12:56:45,0.0,[]
766,TEM,,0ug,2021-03-13 16:44:00,2021-03-13 16:57:00,0.0,[]
767,TEM,forage,0ug,2021-03-13 16:47:00,2021-03-13 16:48:20,0.0,[]
764,TEM,bullee,0ug,2021-03-13 16:49:00,2021-03-13 16:50:40,0.0,[]
765,TEM,froid_bullee,0ug,2021-03-13 16:51:00,2021-03-13 16:52:55,0.0,[]
763,TEM,radix,0ug,2021-03-13 16:54:00,2021-03-13 16:56:15,0.0,[]
765,TEM,,0ug,2021-03-14 13:13:00,2021-03-14 13:33:00,0.0,[]
763,TEM,radix,0ug,2021-03-14 13:17:00,2021-03-14 13:20:00,0.0,[]
766,TEM,gammare,0ug,2021-03-14 13:21:00,2021-03-14 13:23:40,0.0,[]
767,TEM,gammare,0ug,2021-03-14 13:24:00,2021-03-14 13:27:30,0.0,[]
764,TEM,forage,0ug,2021-03-14 13:29:00,2021-03-14 13:31:30,0.0,[]
765,TEM,,0ug,2021-03-14 15:40:00,2021-03-14 15:52:00,0.0,[]
766,TEM,forage500,0ug,2021-03-14 15:41:00,2021-03-14 15:42:04,0.0,[]
767,TEM,forage,0ug,2021-03-14 15:44:00,2021-03-14 15:45:03,0.0,[]
763,TEM,radix,0ug,2021-03-14 15:45:00,2021-03-14 15:47:45,0.0,[]
764,TEM,forage250,0ug,2021-03-14 15:49:00,2021-03-14 15:49:55,0.0,[]
765,TEM,,0ug,2021-03-15 09:30:00,2021-03-15 09:50:00,0.0,[]
766,TEM,forage500,0ug,2021-03-15 09:42:00,2021-03-15 09:43:00,0.0,[]
764,TEM,froid_bullee,0ug,2021-03-15 09:44:00,2021-03-15 09:45:05,0.0,[]
767,TEM,froid_bullee,0ug,2021-03-15 09:46:00,2021-03-15 09:46:45,0.0,[]
763,TEM,forage500,0ug,2021-03-15 09:48:00,2021-03-15 09:48:33,0.0,[]
763,Zinc,Zn(SO4)_7(H2O),720ug,2021-03-26 16:07:00,2021-03-26 16:10:20,0.0,['20210323-121506' '20210325-104933']
764,Zinc,Zn(SO4)_7(H2O),720ug,2021-03-26 16:10:00,2021-03-26 16:12:50,0.0,['20210323-122708' '20210325-104739']
765,Cuivre,Cu(Cl2)_2(H20),100ug,2021-03-26 16:13:00,2021-03-26 16:16:00,0.0,['20210323-122332' '20210326-154629']
766,TEM,,0ug,2021-03-26 16:16:00,2021-03-26 16:17:50,0.0,['20210323-122428' '20210325-104509']
767,Cuivre,Cu(Cl2)_2(H20),100ug,2021-03-26 17:18:00,2021-03-26 16:19:55,0.0,['20210323-123256' '20210325-104405']
766,TEM,,0ug,2021-04-02 17:32:00,2021-04-02 17:34:30,1.0,['20210402-160258']
765,Cuivre,Cu(Cl2)_2(H20),100ug,2021-04-02 17:36:00,2021-04-02 17:38:05,0.0,['20210330-173538' '20210402-160649']
763,Cuivre,Cu(Cl2)_2(H20),100ug,2021-04-02 17:39:00,2021-04-02 17:40:49,0.0,['20210330-173143' '20210402-160442']
764,Zinc,Zn(SO4)_7(H2O),720ug,2021-04-02 17:42:00,2021-04-02 17:44:15,0.0,['20210330-173012' '20210402-160520']
767,Zinc,Zn(SO4)_7(H2O),720ug,2021-04-02 17:44:00,2021-04-02 17:46:45,0.0,['20210330-174152' '20210402-160731']
766,TEM,,0ug,2021-04-09 17:59:00,2021-04-09 18:00:45,0.0,['20210406-160823' '20210409-150038']
765,Zinc,Zn(SO4)_7(H2O),324ug,2021-04-09 18:01:00,2021-04-09 18:03:10,0.0,['20210406-160635' '20210409-140508']
763,Zinc,Zn(SO4)_7(H2O),162ug,2021-04-09 18:05:00,2021-04-09 18:06:10,0.0,['20210406-161238' '20210409-140200']
764,Cuivre,Cu(Cl2)_2(H20),100ug,2021-04-09 18:07:00,2021-04-09 18:08:40,0.0,['20210406-161121' '20210409-135918']
767,Cuivre,Cu(Cl2)_2(H20),50ug,2021-04-09 18:10:00,2021-04-09 18:11:40,0.0,['20210406-160352' '20210409-141207']
766,TEM,,0ug,2021-04-16 17:32:00,2021-04-16 17:33:00,0.0,['20210414-144756' '20210416-113145']
763,Zinc,Zn(SO4)_7(H2O),324ug,2021-04-16 17:34:00,2021-04-16 17:35:50,0.0,['20210414-142039' '20210416-113757']
765,Zinc,Zn(SO4)_7(H2O),324ug,2021-04-16 17:36:00,2021-04-16 17:37:35,0.0,['20210414-142948' '20210416-113101']
767,Cuivre,Cu(Cl2)_2(H20),100ug,2021-04-16 17:38:00,2021-04-16 17:39:35,0.0,['20210414-144449' '20210416-113551']
766,TEM,,0ug,2021-04-23 17:04:00,2021-04-23 17:04:55,1.0,['20210422-111337']
763,Zinc,Zn(SO4)_7(H2O),324ug,2021-04-23 17:05:30,2021-04-23 17:06:42,1.0,['20210422-111813']
764,Zinc,Zn(SO4)_7(H2O),162ug,2021-04-23 17:07:30,2021-04-23 17:08:45,1.0,['20210422-112038']
765,Cuivre,Cu(Cl2)_2(H20),100ug,2021-04-23 17:09:30,2021-04-23 17:10:50,1.0,['20210422-111620']
767,Cuivre,Cu(Cl2)_2(H20),50ug,2021-04-23 17:11:45,2021-04-23 17:12:55,0.0,['20210420-134435' '20210422-095227']
766,TEM,,0ug,2021-04-30 18:20:00,2021-04-30 18:20:46,1.0,['20210430-125136']
763,Zinc,Zn(SO4)_7(H2O),324ug,2021-04-30 18:21:00,2021-04-30 18:22:34,0.0,['20210428-132741' '20210430-125225']
764,Zinc,Zn(SO4)_7(H2O),324ug,2021-04-30 18:23:00,2021-04-30 18:24:00,0.0,['20210428-133045' '20210430-125045']
765,Cuivre,Cu(Cl2)_2(H20),100ug,2021-04-30 18:25:00,2021-04-30 18:26:05,0.0,['20210428-132914' '20210430-124646']
767,Cuivre,Cu(Cl2)_2(H20),100ug,2021-04-30 18:26:00,2021-04-30 18:27:28,1.0,['20210430-124553']
768,DMSO,(C2H6)_OS,0.33ml,2021-04-30 18:39:00,2021-04-30 18:41:16,1.0,['20210430-180136']
769,DMSO,(C2H6)_OS,0.66ug,2021-04-30 18:41:00,2021-04-30 18:43:21,1.0,['20210430-180556']
761,Methomyl,C5H10N2O2S,125ug,2021-04-30 19:29:00,2021-04-30 19:30:32,1.0,['20210430-172635']
762,Methomyl,C5H10N2O2S,125ug,2021-04-30 19:31:00,2021-04-30 19:32:13,1.0,['20210430-175513']
760,Methomyl,C5H10N2O2S,250ug,2021-04-30 19:32:00,2021-04-30 19:33:57,1.0,['20210430-174053']
766,TEM,,0ug,2021-05-07 10:38:00,2021-05-07 10:39:07,1.0,['20210506-231541']
769,DMSO,(C2H6)_OS,0.66ug,2021-05-07 10:39:00,2021-05-07 10:41:11,1.0,['20210506-232252']
768,DMSO,(C2H6)_OS,0.33ml,2021-05-07 10:41:00,2021-05-07 10:43:23,1.0,['20210506-231833']
767,Cuivre,Cu(Cl2)_2(H20),100ug,2021-05-07 10:57:00,2021-05-07 10:59:48,1.0,['20210506-231351']
765,Cuivre,Cu(Cl2)_2(H20),100ug,2021-05-07 11:00:00,2021-05-07 11:01:25,1.0,['20210506-231620']
763,Zinc,Zn(SO4)_7(H2O),324ug,2021-05-07 11:02:00,2021-05-07 11:03:28,1.0,['20210506-230746']
764,Zinc,Zn(SO4)_7(H2O),324ug,2021-05-07 11:04:00,2021-05-07 11:05:19,1.0,['20210506-230907']
762,Methomyl,C5H10N2O2S,67ug,2021-05-07 11:20:00,2021-05-07 11:21:35,1.0,['20210506-230338']
760,Methomyl,C5H10N2O2S,125ug,2021-05-07 11:22:00,2021-05-07 11:23:45,1.0,['20210506-230001']
761,Methomyl,C5H10N2O2S,125ug,2021-05-07 11:24:00,2021-05-07 11:25:25,1.0,['20210506-230122']
766,TEM,,0ug,2021-05-14 09:34:00,2021-05-14 09:35:25,1.0,['20210513-231811']
768,Methomyl,C5H10N2O2S,67ug,2021-05-14 09:39:00,2021-05-14 09:40:30,1.0,['20210513-231549']
769,Methomyl,C5H10N2O2S,125ug,2021-05-14 09:41:00,2021-05-14 09:42:55,1.0,['20210513-231440']
762,Methomyl,C5H10N2O2S,125ug,2021-05-14 09:43:00,2021-05-14 09:45:14,1.0,['20210513-232418']
761,Methomyl,C5H10N2O2S,125ug,2021-05-14 09:46:00,2021-05-14 09:47:20,1.0,['20210513-230529']
760,Methomyl,C5H10N2O2S,125ug,2021-05-14 09:47:00,2021-05-14 09:49:09,1.0,['20210513-230436']
763,Zinc,Zn(SO4)_7(H2O),324ug,2021-05-14 09:55:00,2021-05-14 09:56:25,1.0,['20210513-230658']
764,Zinc,Zn(SO4)_7(H2O),324ug,2021-05-14 09:57:00,2021-05-14 09:58:00,1.0,['20210514-084510']
765,Cuivre,Cu(Cl2)_2(H20),50ug,2021-05-14 10:01:00,2021-05-14 10:03:00,1.0,['20210513-231744']
767,Cuivre,Cu(Cl2)_2(H20),100ug,2021-05-14 10:04:00,2021-05-14 10:07:24,1.0,['20210513-231929']
763,Zinc,Zn(SO4)_7(H2O),324ug,2021-05-21 11:41:00,2021-05-21 11:42:51,1.0,['20210520-224858']
764,Zinc,Zn(SO4)_7(H2O),162ug,2021-05-21 11:43:00,2021-05-21 11:44:44,1.0,['20210520-225356']
766,TEM,,0ug,2021-05-21 11:46:00,2021-05-21 11:47:40,1.0,['20210520-225527']
762,Methomyl,C5H10N2O2S,37ug,2021-05-21 11:49:00,2021-05-21 11:50:39,1.0,['20210520-225108']
769,Methomyl,C5H10N2O2S,67ug,2021-05-21 11:51:00,2021-05-21 11:52:44,1.0,['20210520-230629']
768,Methomyl,C5H10N2O2S,67ug,2021-05-21 11:53:00,2021-05-21 11:54:21,1.0,['20210520-230154']
761,Methomyl,C5H10N2O2S,125ug,2021-05-21 11:54:00,2021-05-21 11:56:27,1.0,['20210520-224549']
760,Methomyl,C5H10N2O2S,125ug,2021-05-21 11:57:00,2021-05-21 11:58:49,1.0,['20210520-224501']
765,Cuivre,Cu(Cl2)_2(H20),50ug,2021-05-21 12:00:00,2021-05-21 12:02:05,1.0,['20210520-225816']
767,Cuivre,Cu(Cl2)_2(H20),100ug,2021-05-21 12:02:00,2021-05-21 12:03:58,1.0,['20210520-225841']
762,DMSO,(C2H6)_OS,1ml,2021-05-28 18:24:00,2021-05-28 18:26:27,1.0,['20210528-111509']
769,DMSO,(C2H6)_OS,1ml,2021-05-28 18:27:00,2021-05-28 18:29:20,1.0,['20210528-115153']
768,DMSO,(C2H6)_OS,0.5ml,2021-05-28 18:29:00,2021-05-28 18:30:59,1.0,['20210528-114543']
760,MCPA,C9H9ClO3,10ug,2021-05-29 14:37:00,2021-05-29 14:39:05,0.0,['20210524-172033' '20210528-112126']
761,MCPA,C9H9ClO3,30ug,2021-05-29 14:39:00,2021-05-29 14:40:50,0.0,['20210524-171544' '20210528-111659' '20210529-123747']
766,TEM,,0ug,2021-05-29 14:41:00,2021-05-29 14:42:08,0.0,['20210524-174103' '20210528-115655']
767,Cuivre,Cu(Cl2)_2(H20),50ug,2021-05-29 14:42:00,2021-05-29 14:45:10,0.0,['20210524-174501' '20210528-120227']
763,Cuivre,Cu(Cl2)_2(H20),100ug,2021-05-29 14:45:00,2021-05-29 14:46:32,0.0,['20210524-173656' '20210528-113951']
764,Cobalt,Co(SO4)_7(H20),141ug,2021-05-29 14:47:00,2021-05-29 14:49:20,0.0,['20210524-174738' '20210528-122306']
765,Cobalt,Co(SO4)_7(H20),141ug,2021-05-29 14:49:00,2021-05-29 14:50:57,0.0,['20210524-173947' '20210528-115506']
765,Aluminium,(Al)(Cl3)_6(H20),454ug,2021-06-04 16:40:00,2021-06-04 16:42:30,0.0,['20210601-083349' '20210604-091020']
764,Aluminium,(Al)(Cl3)_6(H20),454ug,2021-06-04 16:43:00,2021-06-04 16:44:20,0.0,['20210601-083336' '20210604-091256']
760,MCPA,C9H9ClO3,90ug,2021-06-04 16:45:00,2021-06-04 16:47:05,0.0,['20210601-083111' '20210604-090622']
761,MCPA,C9H9ClO3,180ug,2021-06-04 16:48:00,2021-06-04 16:49:02,0.0,['20210601-083138' '20210604-090731']
762,MCPA,C9H9ClO3,180ug,2021-06-04 16:49:00,2021-06-04 16:51:30,0.0,['20210601-083213' '20210604-090656']
766,TEM,,0ug,2021-06-04 16:52:00,2021-06-04 16:53:11,0.0,['20210601-083459' '20210604-092714']
767,Manganese,Mn(SO4)_(H20),1500ug,2021-06-04 16:54:00,2021-06-04 16:55:09,0.0,['20210601-083517' '20210604-092404']
763,Manganese,Mn(SO4)_(H20),1500ug,2021-06-04 16:55:00,2021-06-04 16:56:40,0.0,['20210601-083321' '20210604-091213']
768,Chlorfenvinphos,(C2H6)_OS,1ug,2021-06-06 09:26:00,2021-06-06 09:27:30,0.0,['20210601-144949' '20210604-092549']
769,Chlorfenvinphos,(C2H6)_OS,2ug,2021-06-06 09:28:00,2021-06-06 09:29:05,0.0,['20210601-083537' '20210604-091728']
762,MCPA,C9H9ClO3,180ug,2021-06-11 13:10:00,2021-06-11 13:11:56,1.0,['20210611-110606']
760,Nitrate,Na(NO3),50000ug,2021-06-11 13:13:00,2021-06-11 13:15:16,1.0,['20210611-000354']
761,Nitrate,Na(NO3),100000ug,2021-06-11 13:15:00,2021-06-11 13:17:09,1.0,['20210611-000422']
768,Chlorfenvinphos,(C2H6)_OS,4ug,2021-06-11 13:18:00,2021-06-11 13:19:27,1.0,['20210611-001457']
769,Chlorfenvinphos,(C2H6)_OS,4ug,2021-06-11 13:19:00,2021-06-11 13:20:43,1.0,['20210611-001422']
766,TEM,,0ug,2021-06-11 13:34:00,2021-06-11 13:35:25,1.0,['20210611-111858']
763,Manganese,Mn(SO4)_(H20),750ug,2021-06-11 13:35:00,2021-06-11 13:38:51,1.0,['20210611-000813']
767,Manganese,Mn(SO4)_(H20),750ug,2021-06-11 13:36:00,2021-06-11 13:37:31,1.0,['20210611-001002']
764,Aluminium,(Al)(Cl3)_6(H20),454ug,2021-06-11 13:39:00,2021-06-11 13:40:41,1.0,['20210611-105054']
765,Aluminium,(Al)(Cl3)_6(H20),454ug,2021-06-11 13:41:00,2021-06-11 13:42:17,1.0,['20210611-001238']
760,Chloride,NaCl,250000ug,2021-06-19 19:57:00,2021-06-19 20:00:18,1.0,['20210618-141830']
766,TEM,,0ug,2021-06-19 19:59:00,2021-06-19 19:59:53,1.0,['20210618-142343']
761,Nitrate,Na(NO3),100000ug,2021-06-19 20:02:00,2021-06-19 20:04:26,1.0,['20210618-141858']
762,MCPA,C9H9ClO3,650ug,2021-06-19 20:07:00,2021-06-19 20:09:05,1.0,['20210619-191047']
763,Chlorfenvinphos,(C2H6)_OS,10ug,2021-06-19 20:11:00,2021-06-19 20:13:32,1.0,['20210618-142125']
768,Chlorfenvinphos,(C2H6)_OS,10ug,2021-06-19 20:16:00,2021-06-19 20:18:04,1.0,['20210618-142508']
769,Chlorfenvinphos,(C2H6)_OS,10ug,2021-06-19 20:19:00,2021-06-19 20:20:44,1.0,['20210618-142536']
767,Chormium,CrO3,47ug,2021-06-19 20:36:00,2021-06-19 20:38:12,1.0,['20210618-142434']
764,Chromium,CrO3,47ug,2021-06-19 20:38:00,2021-06-19 20:39:17,1.0,['20210618-142010']
765,Chromium,CrO3,94ug,2021-06-19 20:39:00,2021-06-19 20:40:22,1.0,['20210618-142259']
760,Methomyl,C5H10N2O2S,125ug,2021-06-25 18:01:00,2021-06-25 18:02:34,0.0,['20210622-134236' '20210625-093621']
761,Methomyl,C5H10N2O2S,125ug,2021-06-25 18:02:00,2021-06-25 18:03:59,0.0,['20210622-134612' '20210625-093641']
767,Lindane,C6H6Cl6,100ug,2021-06-25 18:04:00,2021-06-25 18:06:08,0.0,['20210622-135856' '20210625-094816']
768,Lindane,C6H6Cl6,100ug,2021-06-25 18:06:00,2021-06-25 18:07:21,0.0,['20210622-135915' '20210625-094840']
769,Lindane,C6H6Cl6,100ug,2021-06-25 18:07:00,2021-06-25 18:08:47,0.0,['20210622-135946' '20210625-094908']
762,Anthracene,C14H10,40ug,2021-06-25 18:13:00,2021-06-25 18:15:10,0.0,['20210622-134714' '20210625-093746']
763,Anthracene,C14H10,40ug,2021-06-25 18:15:00,2021-06-25 18:16:31,0.0,['20210622-134853' '20210625-093959']
766,DMSO,(C2H6)_OS,5ml,2021-06-25 18:17:00,2021-06-25 18:18:35,0.0,['20210622-135834' '20210625-094255']
764,Benzo(a)pyrene,C20H12,40ug,2021-06-25 18:19:00,2021-06-25 18:20:06,0.0,['20210622-135509' '20210625-094152']
765,Benzo(a)pyrene,C20H12,40ug,2021-06-25 18:20:00,2021-06-25 18:21:19,0.0,['20210622-141507' '20210625-095207']
766,DMSO,(C2H6)_OS,5ml,2021-07-02 17:04:00,2021-07-02 17:06:28,0.0,['20210629-092552' '20210702-083211']
764,Benzo(a)pyrene,C20H12,100ug,2021-07-02 17:07:00,2021-07-02 17:09:05,0.0,['20210629-164110' '20210702-083033']
765,Benzo(a)pyrene,C20H12,100ug,2021-07-02 17:09:00,2021-07-02 17:11:00,0.0,['20210629-092412' '20210702-083130']
760,Anthracene,C14H10,100ug,2021-07-02 17:15:30,2021-07-02 17:16:52,0.0,['20210629-092112' '20210702-082231']
763,Anthracene,C14H10,100ug,2021-07-02 17:17:00,2021-07-02 17:18:34,0.0,['20210629-162050' '20210702-082610']
767,Lindane,C6H6Cl6,100ug,2021-07-02 17:19:00,2021-07-02 17:21:19,1.0,['20210702-153541']
768,Acetone,C3H6O,2.5ml,2021-07-02 18:03:00,2021-07-02 18:04:51,0.0,['20210629-163215' '20210702-083242']
769,Acetone,C3H6O,5ml,2021-07-02 18:05:00,2021-07-02 18:06:47,0.0,['20210629-163524' '20210702-083504']
762,Acetone,C3H6O,15ml,2021-07-02 18:07:00,2021-07-02 18:08:55,0.0,['20210629-092303' '20210702-082335']
760,Acetone,C3H6O,1ml,2021-07-05 08:49:00,2021-07-05 08:50:00,0.0,['20210629-092112' '20210702-082231' '20210705-083432']
761,Acetone,C3H6O,1ml,2021-07-05 08:50:00,2021-07-05 08:51:00,1.0,['20210705-083554']
760,Methomyl,C5H10N2O2S,37ug,2021-07-09 16:30:00,2021-07-09 16:31:40,0.0,['20210707-154030' '20210709-151607']
761,Methomyl,C5H10N2O2S,37ug,2021-07-09 16:32:00,2021-07-09 16:33:14,0.0,['20210707-154709' '20210709-134552']
762,Anthracene,C14H10,50ug,2021-07-09 16:37:00,2021-07-09 16:38:37,0.0,['20210707-154506' '20210709-134209']
763,Anthracene,C14H10,50ug,2021-07-09 16:39:00,2021-07-09 16:40:24,0.0,['20210707-155807' '20210709-134645']
764,Benzo(a)pyrene,C20H12,50ug,2021-07-09 16:42:00,2021-07-09 16:43:52,0.0,['20210707-155250' '20210709-134727']
765,Benzo(a)pyrene,C20H12,50ug,2021-07-09 16:44:00,2021-07-09 16:46:09,0.0,['20210707-155052' '20210709-134321']
767,Benzo(a)pyrene,C20H12,100ug,2021-07-09 16:46:00,2021-07-09 16:47:51,0.0,['20210707-155630' '20210709-134416']
766,Acetone,C3H6O,0.5ml,2021-07-09 16:49:00,2021-07-09 16:50:23,0.0,['20210707-155508' '20210709-135138']
768,Benzo(b)fluoranthene,C20H12,75ug,2021-07-09 16:50:00,2021-07-09 16:52:09,0.0,['20210707-160154' '20210709-134349']
769,Benzo(b)fluoranthene,C20H12,75ug,2021-07-09 16:52:00,2021-07-09 16:53:47,0.0,['20210707-160022' '20210709-134901']
766,Acetone,C3H6O,,2021-07-16 16:30:00,2021-07-16 16:31:50,1.0,['20210716-113742']
768,Benzo(b)fluoranthene,C20H12,150ug,2021-07-16 16:33:10,2021-07-16 16:34:53,1.0,['20210716-082820']
760,Benzo(b)fluoranthene,C20H12,250ug,2021-07-16 16:37:19,2021-07-16 16:38:32,1.0,['20210716-082422']
764,Benzo(a)pyrene,C20H12,100ug,2021-07-16 16:40:37,2021-07-16 16:42:10,1.0,['20210716-082645']
765,Benzo(a)pyrene,C20H12,100ug,2021-07-16 16:42:17,2021-07-16 16:43:27,1.0,['20210716-082715']
767,Benzo(a)pyrene,C20H12,200ug,2021-07-16 16:43:55,2021-07-16 16:45:20,1.0,['20210716-082748']
763,Anthracene,C14H10,100ug,2021-07-16 16:46:17,2021-07-16 16:47:53,1.0,['20210716-082612']
762,Anthracene,C14H10,100ug,2021-07-16 16:48:01,2021-07-16 16:49:26,1.0,['20210716-082533']
761,Anthracene,C14H10,300ug,2021-07-16 16:49:52,2021-07-16 16:51:28,0.0,['20210713-135913' '20210716-082454']
760,Trichlorobenzene(123),C6H3Cl3,200ug,2021-07-23 15:54:11,2021-07-23 15:55:37,1.0,['20210723-120616']
761,Trichlorobenzene(123),C6H3Cl3,400ug,2021-07-23 15:57:00,2021-07-23 15:58:16,1.0,['20210723-122018']
762,alphaEndosulfan,C9H6Cl6O3S,236ug,2021-07-23 16:00:15,2021-07-23 16:01:45,1.0,['20210723-120850']
763,alphaEndosulfan,C9H6Cl6O3S,236ug,2021-07-23 16:02:30,2021-07-23 16:03:57,1.0,['20210723-120642']
764,betaEndosulfan,C9H6Cl6O3S,300ug,2021-07-23 16:05:15,2021-07-23 16:06:43,1.0,['20210723-120705']
765,betaEndosulfan,C9H6Cl6O3S,300ug,2021-07-23 16:07:16,2021-07-23 16:08:36,1.0,['20210723-120735']
766,Acetone,C3H6O,,2021-07-23 16:10:27,2021-07-23 16:11:52,1.0,['20210723-121143']
767,DDD(2-4),C14H10Cl4,25ug,2021-07-23 16:13:02,2021-07-23 16:14:28,1.0,['20210723-122053']
768,DDD(2-4),C14H10Cl5,25ug,2021-07-23 16:15:02,2021-07-23 16:16:10,1.0,['20210723-120800']
769,DDD(2-4),C14H10Cl6,100ug,2021-07-23 16:16:50,2021-07-23 16:18:10,1.0,['20210723-120824']
769,Benzo(b)fluoranthene,C20H12,150ug,2021-07-23 16:35:11,2021-07-23 16:35:11,1.0,['20210723-120824']
762,alphaEndosulfan,C9H6Cl6O3S,190ug,2021-07-31 19:27:47,2021-07-31 19:29:05,1.0,['20210731-102434']
763,alphaEndosulfan,C9H6Cl6O3S,190ug,2021-07-31 19:29:20,2021-07-31 19:30:41,1.0,['20210731-103145']
764,betaEndosulfan,C9H6Cl6O3S,250ug,2021-07-31 19:31:28,2021-07-31 19:32:48,1.0,['20210731-102950']
765,betaEndosulfan,C9H6Cl6O3S,250ug,2021-07-31 19:32:57,2021-07-31 19:34:12,1.0,['20210731-102549']
760,Trichlorobenzene(123),C6H3Cl3,400ug,2021-07-31 19:35:17,2021-07-31 19:36:26,1.0,['20210731-102329']
761,Trichlorobenzene(123),C6H3Cl3,400ug,2021-07-31 19:36:41,2021-07-31 19:38:02,1.0,['20210731-102355']
766,Acetone,C3H6O,,2021-07-31 19:39:48,2021-07-31 19:41:04,1.0,['20210731-102751']
767,DDD(2-4),C14H10Cl4,25ug,2021-07-31 19:41:35,2021-07-31 19:42:51,1.0,['20210731-102611']
768,DDD(2-4),C14H10Cl5,25ug,2021-07-31 19:42:58,2021-07-31 19:44:07,1.0,['20210731-102641']
769,DDD(2-4),C14H10Cl6,100ug,2021-07-31 19:44:26,2021-07-31 19:45:40,1.0,['20210731-102713']
760,Pentachlorophenol,C6HOCl5,460ug,2021-08-13 16:06:47,2021-08-13 16:08:05,1.0,['20210813-103006']
761,Pentachlorophenol,C6HOCl5,460ug,2021-08-13 16:08:30,2021-08-13 16:09:43,1.0,['20210813-103149']
762,Tebufenozide,C22H28N2O2,7mg,2021-08-13 16:11:10,2021-08-13 16:12:25,1.0,['20210813-103228']
763,Tebufenozide,C22H28N2O2,7mg,2021-08-13 16:12:49,2021-08-13 16:14:15,1.0,['20210813-103255']
764,PiperonylButoxide,C19H30O5,514ug,2021-08-13 16:17:30,2021-08-13 16:18:39,1.0,['20210813-103336']
765,PiperonylButoxide,C19H30O5,514ug,2021-08-13 16:19:05,2021-08-13 16:20:20,1.0,['20210813-103412']
767,PiperonylButoxide,C19H30O5,514ug,2021-08-13 16:20:50,2021-08-13 16:22:00,1.0,['20210813-103458']
760,Carbaryl,C12H11NO2,460ug,2021-09-19 12:10:00,2021-09-19 12:11:30,1.0,['20210917-165638']
761,Carbaryl,C12H11NO2,460ug,2021-09-19 12:11:50,2021-09-19 12:13:23,1.0,['20210917-165700']
762,Chlorfen,C12H14CLO4P,7mg,2021-09-19 12:15:15,2021-09-19 12:15:30,1.0,['20210917-165753']
763,Chlorfen,C12H14CLO4P,7mg,2021-09-19 12:15:40,2021-09-19 12:16:05,1.0,['20210917-165812']
764,vernolat,C10H21NOS,514ug,2021-09-19 12:18:00,2021-09-19 12:20:47,1.0,['20210917-165840']
765,vernolat,C10H21NOS,514ug,2021-09-19 12:21:30,2021-09-19 12:22:50,1.0,['20210917-165901']
767,Chlorpyrifos,C9H11Cl3NO3PS,514ug,2021-09-19 12:25:10,2021-09-19 12:26:17,1.0,['20210917-171514']
768,Chlorpyrifos,C9H11Cl3NO3PS,200ug,2021-09-19 12:26:40,2021-09-19 12:27:42,1.0,['20210917-170044']
769,Chlorpyrifos,C9H11Cl3NO3PS,200ug,2021-09-19 12:28:04,2021-09-19 12:29:26,1.0,['20210917-174546']
768,Nonylphenol,C15H24O,200ug,2021-09-19 16:22:57,2021-08-13 16:24:20,1.0,['20210813-103522']
769,Nonylphenol,C15H24O,200ug,2021-09-19 16:25:30,2021-08-13 16:26:38,1.0,['20210813-103611']
760,Carbaryl,C12H11NO2,460ug,2021-09-25 17:39:14,2021-09-25 17:39:20,1.0,['20210923-231916']
761,Carbaryl,C12H11NO2,460ug,2021-09-25 17:40:55,2021-09-25 17:41:02,1.0,['20210923-232307']
762,Chlorfen,C12H14CLO4P,7mg,2021-09-25 17:43:25,2021-09-25 17:43:40,1.0,['20210923-232049']
763,Chlorfen,C12H14CLO4P,7mg,2021-09-25 17:44:05,2021-09-25 17:44:20,1.0,['20210923-232157']
764,vernolat,C10H21NOS,514ug,2021-09-25 17:48:05,2021-09-25 17:48:15,1.0,['20210923-232715']
765,vernolat,C10H21NOS,514ug,2021-09-25 17:49:10,2021-09-25 17:49:20,1.0,['20210923-232609']
767,Chlorpyrifos,C9H11Cl3NO3PS,514ug,2021-09-25 17:50:35,2021-09-25 17:50:50,1.0,['20210923-232636']
768,Chlorpyrifos,C9H11Cl3NO3PS,200ug,2021-09-25 17:51:35,2021-09-25 17:51:45,1.0,['20210923-232911']
769,Chlorpyrifos,C9H11Cl3NO3PS,200ug,2021-09-25 17:52:10,2021-09-25 17:52:30,1.0,['20210923-232959']
761,Carbaryl,C12H11NO2,25ug,2021-10-03 11:56:25,2021-10-03 11:57:36,1.0,['20211003-010241']
762,Carbaryl,C12H11NO2,25ug,2021-10-03 11:57:57,2021-10-03 11:59:19,1.0,['20211003-010626']
763,Chlorfen,C12H14CLO4P,25ug,2021-10-03 12:00:55,2021-10-03 12:01:49,1.0,['20211003-100939']
764,Chlorfen,C12H14CLO4P,25ug,2021-10-03 12:02:10,2021-10-03 12:03:17,1.0,['20211003-010409']
765,vernolat,C10H21NOS,50ug,2021-10-03 12:04:42,2021-10-03 12:05:56,1.0,['20211003-010447']
767,vernolat,C10H21NOS,50ug,2021-10-03 12:06:28,2021-10-03 12:07:50,1.0,['20211003-010840']
768,Chlorpyrifos,C9H11Cl3NO3PS,20ug,2021-10-03 12:09:06,2021-10-03 12:10:14,1.0,['20211003-010606']
769,Chlorpyrifos,C9H11Cl3NO3PS,20ug,2021-10-03 12:10:35,2021-10-03 12:12:00,1.0,['20211003-010526']
766,Acetone,C3H6O,0ug,2021-10-03 12:13:10,2021-10-03 12:13:30,1.0,['20211003-010727']
760,Carbaryl,C12H11NO2,25ug,2021-10-03 12:54:45,2021-10-03 12:56:00,1.0,['20211003-010154']
760,Trifluralin,C13H16F3N3O4,0ug,2021-10-08 19:10:40,2021-10-08 19:12:32,1.0,['20211008-003951']
761,Trifluralin,C13H16F3N3O4,0ug,2021-10-08 19:13:50,2021-10-08 19:14:28,1.0,['20211008-004021']
762,4-octylphenol,C14H22O,0ug,2021-10-08 19:19:32,2021-10-08 19:20:53,1.0,['20211008-004059']
763,4-octylphenol,C14H22O,0ug,2021-10-08 19:21:11,2021-10-08 19:22:17,1.0,['20211008-004519']
764,4-octylphenol,C14H22O,0ug,2021-10-08 19:22:37,2021-10-08 19:23:35,1.0,['20211008-004557']
765,alpha HCH,C6H6Cl6,0ug,2021-10-08 19:26:20,2021-10-08 19:27:33,1.0,['20211008-004344']
767,alpha HCH,C6H6Cl6,0ug,2021-10-08 19:27:58,2021-10-08 19:28:52,1.0,['20211008-004353']
768,Chromium,CrO3,0ug,2021-10-08 19:29:52,2021-10-08 19:30:40,1.0,['20211008-004241']
769,Chromium,CrO3,0ug,2021-10-08 19:30:49,2021-10-08 19:31:41,1.0,['20211008-004302']
766,Acetone,C3H6O,0ug,2021-10-08 19:32:12,2021-10-08 19:33:07,1.0,['20211008-004215']
760,Trifluralin,C13H16F3N3O4,5mg,2021-10-15 16:53:30,2021-10-15 16:54:50,1.0,['20211015-100456']
761,Trifluralin,C13H16F3N3O4,5mg,2021-10-15 16:55:20,2021-10-15 16:56:24,1.0,['20211015-100516']
762,4-octylphenol,C14H22O,100ug,2021-10-15 16:58:10,2021-10-15 16:59:02,1.0,['20211015-100532']
763,4-octylphenol,C14H22O,100ug,2021-10-15 16:59:20,2021-10-15 17:00:35,1.0,['20211015-100549']
764,Tetrachloroethylene,C2Cl4,5mg,2021-10-15 17:01:50,2021-10-15 17:03:26,1.0,['20211015-101101']
765,alpha HCH,C6H6Cl6,0ug,2021-10-15 17:04:40,2021-10-15 17:05:43,1.0,['20211015-100924']
767,alpha HCH,C6H6Cl6,0ug,2021-10-15 17:06:20,2021-10-15 17:07:08,1.0,['20211015-100652']
766,Acetone,C3H6O,0ug,2021-10-15 17:09:15,2021-10-15 17:10:20,1.0,['20211015-100634']
768,Chromium,CrO3,50ug,2021-10-15 17:10:50,2021-10-15 17:11:54,1.0,['20211015-100713']
769,Chromium,CrO3,50ug,2021-10-15 17:12:15,2021-10-15 17:13:05,1.0,['20211015-100734']
760,Hydrazine,N2H4,5mg,2021-10-23 21:19:25,2021-10-23 21:21:39,1.0,['20211022-095044']
761,Hydrazine,N2H4,5mg,2021-10-23 21:21:55,2021-10-23 21:22:52,1.0,['20211022-102804']
762,Trichloroethylene,C2HCl3,100ug,2021-10-23 21:24:15,2021-10-23 21:25:15,1.0,['20211022-095115']
763,Trichloroethylene,C2HCl3,100ug,2021-10-23 21:25:25,2021-10-23 21:26:25,1.0,['20211022-095132']
764,Tetrachloroethylene,C2Cl4,5mg,2021-10-23 21:27:40,2021-10-23 21:28:51,1.0,['20211022-095214']
765,1-2Dichloroethane,C2H4Cl2,0ug,2021-10-23 21:31:00,2021-10-23 21:32:23,1.0,['20211022-095148']
767,1-2Dichloroethane,C2H4Cl2,0ug,2021-10-23 21:32:45,2021-10-23 21:33:52,1.0,['20211022-100308']
766,Acetone,C3H6O,0ug,2021-10-23 21:36:00,2021-10-23 21:36:51,1.0,['20211022-095244']
768,124-Trichlorobenzene,C6H3Cl3,50ug,2021-10-23 21:40:00,2021-10-23 21:42:19,1.0,['20211022-095257']
769,124-Trichlorobenzene,C6H3Cl3,50ug,2021-10-23 21:43:00,2021-10-23 21:43:47,1.0,['20211022-095312']
760,Hydrazine,N2H4,0mg,2021-10-29 15:02:35,2021-10-29 15:03:45,1.0,['20211029-074210']
761,Hydrazine,N2H4,0mg,2021-10-29 15:05:00,2021-10-29 15:05:50,1.0,['20211029-074545']
762,Trichloroethylene,C2HCl3,0ug,2021-10-29 15:08:10,2021-10-29 15:09:25,1.0,['20211028-134600']
763,Benzene,C6H6,0ug,2021-10-29 15:12:00,2021-10-29 15:13:10,1.0,['20211029-075121']
764,Benzene,C6H6,0mg,2021-10-29 15:14:00,2021-10-29 15:15:02,1.0,['20211029-075019']
765,1-2Dichloroethane,C2H4Cl2,0ug,2021-10-29 15:17:35,2021-10-29 15:18:55,1.0,['20211029-075240']
766,Acetone,C3H6O,0ug,2021-10-29 15:26:20,2021-10-29 15:27:22,1.0,['20211029-074655']
767,Nitric acid,HNO3,0ug,2021-10-29 15:29:30,2021-10-29 15:30:30,1.0,['20211029-075152']
768,Nitric acid,HNO3,0ug,2021-10-29 15:31:00,2021-10-29 15:32:16,1.0,['20211029-074454']
769,124-Trichlorobenzene,C6H3Cl3,0ug,2021-10-29 15:34:15,2021-10-29 15:35:32,1.0,['20211029-074512']
760,Mercury,HgCl2,10ug,2021-11-06 15:23:25,2021-11-06 15:24:11,0.0,['20211103-171812' '20211106-110825']
761,Mercury,HgCl2,10ug,2021-11-06 15:24:16,2021-11-06 15:25:00,0.0,['20211103-171823' '20211106-110837']
762,Mercury,HgCl2,10ug,2021-11-06 15:25:05,2021-11-06 15:25:44,0.0,['20211103-172056' '20211106-110845']
764,Biphenyl,C12H10,100ug,2021-11-06 15:29:26,2021-11-06 15:30:24,0.0,['20211103-173258' '20211106-111337']
765,Aldrin,C12H8Cl6,14ug,2021-11-06 15:31:40,2021-11-06 15:32:34,0.0,['20211103-173330' '20211106-110945']
767,Aldrin,C12H8Cl6,14ug,2021-11-06 15:32:39,2021-11-06 15:33:29,0.0,['20211103-173521' '20211106-111007']
766,Acetone,C3H6O,0ug,2021-11-06 15:34:40,2021-11-06 15:35:15,0.0,['20211103-173507' '20211106-111344']
768,Dieldrin,C12H8Cl6O,0.65mg,2021-11-06 15:36:38,2021-11-06 15:37:22,0.0,['20211103-173415' '20211106-111026']
769,Dieldrin,C12H8Cl6O,1.3mg,2021-11-06 15:37:45,2021-11-06 15:38:40,0.0,['20211103-173438' '20211106-111038']
761,Arsenic,As2O5H20,20ug,2021-11-26 16:42:45,2021-11-26 16:44:05,1.0,['20211125-183140']
762,Arsenic,As2O5H20,20ug,2021-11-26 16:44:45,2021-11-26 16:45:40,1.0,['20211125-183254']
760,Arsenic,As2O5H20,20ug,2021-11-26 16:47:50,2021-11-26 16:48:58,1.0,['20211125-182954']
763,Biphenyl,C12H10,100ug,2021-11-26 16:52:55,2021-11-26 16:54:04,1.0,['20211125-183231']
764,Biphenyl,C12H10,100ug,2021-11-26 16:55:30,2021-11-26 16:57:05,1.0,['20211125-183423']
765,Aldrin,C12H8Cl6,28ug,2021-11-26 17:00:15,2021-11-26 17:01:15,1.0,['20211125-183349']
767,Aldrin,C12H8Cl6,28ug,2021-11-26 17:01:51,2021-11-26 17:03:31,1.0,['20211125-183704']
768,Dieldrin,C12H8Cl6O,0.65mg,2021-11-26 17:04:43,2021-11-26 17:06:19,1.0,['20211125-183457']
769,Dieldrin,C12H8Cl6O,0.65mg,2021-11-26 17:06:52,2021-11-26 17:08:28,1.0,['20211126-161556']
760,Arsenic,As2O5H20,50ug,2021-12-03 16:00:00,2021-12-03 16:00:59,1.0,['20211203-112242']
761,Arsenic,As2O5H20,50ug,2021-12-03 16:01:02,2021-12-03 16:02:00,1.0,['20211203-113013']
762,Arsenic,As2O5H20,50ug,2021-12-03 16:02:04,2021-12-03 16:02:53,1.0,['20211203-112337']
763,Biphenyl,C12H10,100ug,2021-12-03 16:04:15,2021-12-03 16:05:03,1.0,['20211203-112307']
764,Biphenyl,C12H10,100ug,2021-12-03 16:05:30,2021-12-03 16:06:20,1.0,['20211203-113155']
765,Aldrin,C12H8Cl6,28ug,2021-12-03 16:07:50,2021-12-03 16:08:48,1.0,['20211203-112933']
767,Aldrin,C12H8Cl6,28ug,2021-12-03 16:09:10,2021-12-03 16:10:05,1.0,['20211203-121413']
766,Acetone,C3H6O,0ug,2021-12-03 16:11:38,2021-12-03 16:12:10,1.0,['20211203-121631']
768,Mercury,HgCl2,10ug,2021-12-03 16:13:08,2021-12-03 16:14:08,1.0,['20211203-112826']
769,Mercury,HgCl2,10ug,2021-12-03 16:14:20,2021-12-03 16:14:59,1.0,['20211203-135651']
760,Acide Acrylique,C3H4O2,10mg,2021-12-17 14:59:20,2021-12-17 15:02:07,1.0,['20211217-095432']
761,L1000,U,0ug,2021-12-17 15:04:00,2021-12-17 15:05:09,1.0,['20211217-095451']
762,H40,U,10mg,2021-12-17 15:07:10,2021-12-17 15:09:20,1.0,['20211217-095512']
763,H40,U,10mg,2021-12-17 15:10:20,2021-12-17 15:11:52,1.0,['20211217-103008']
764,MHPC724,U,10mg,2021-12-17 15:13:29,2021-12-17 15:15:14,1.0,['20211217-095558']
765,A736,U,10mg,2021-12-17 15:17:15,2021-12-17 15:17:52,1.0,['20211217-095619']
766,A736,U,10mg,2021-12-17 15:18:49,2021-12-17 15:20:01,1.0,['20211217-104259']
767,P520,U,10mg,2021-12-17 15:21:27,2021-12-17 15:23:13,1.0,['20211217-095851']
768,2A1,U,17mg,2021-12-17 15:25:36,2021-12-17 15:26:58,1.0,['20211217-095934']
769,Soja,C11H9N3O2Na,67mg,2021-12-17 15:28:33,2021-12-17 15:29:55,1.0,['20211217-103248']
760,Acide Acrylique,C3H4O2,10mg,2022-02-04 16:02:00,2022-02-04 16:03:38,1.0,['20220204-100759']
761,L1000,U,0ug,2022-02-04 16:04:55,2022-02-04 16:05:47,1.0,['20220204-100820']
762,H40,U,10mg,2022-02-04 16:07:15,2022-02-04 16:08:26,1.0,['20220204-100832']
763,P520,U,10mg,2022-02-04 16:09:20,2022-02-04 16:10:20,1.0,['20220204-101244']
764,H40,U,13mg,2022-02-04 16:12:40,2022-02-04 16:14:02,1.0,['20220204-102356']
765,A736,U,10mg,2022-02-04 16:15:45,2022-02-04 16:16:44,1.0,['20220204-100928']
768,2A1,U,17mg,2022-02-04 16:18:55,2022-02-04 16:20:25,1.0,['20220204-101035']
769,Soja,C11H9N3O2Na,67mg,2022-02-04 16:21:30,2022-02-04 16:22:32,1.0,['20220204-101008']
760,Ciprofloxacin,C17H18FN2O3,1mg,2022-02-25 16:49:40,2022-02-25 16:51:15,1.0,['20220225-090811']
761,Ciprofloxacin,C17H18FN2O3,2mg,2022-02-25 16:51:54,2022-02-25 16:53:42,1.0,['20220225-091850']
762,Verapamil,C27H38N2O4,0.4mg,2022-02-25 16:55:20,2022-02-25 16:56:34,1.0,['20220225-090938']
763,Verapamil,C27H38N2O4,0.8mg,2022-02-25 16:57:00,2022-02-25 16:58:23,1.0,['20220225-090838']
764,Ofloxacin,C18H20FN3O4,1mg,2022-02-25 17:00:04,2022-02-25 17:01:23,1.0,['20220225-091550']
765,Ofloxacin,C18H20FN3O4,2mg,2022-02-25 17:02:14,2022-02-25 17:03:41,1.0,['20220225-090923']
766,Temoin,H20,0mg,2022-02-25 17:05:00,2022-02-25 17:06:00,1.0,['20220225-090905']
767,Tramadol,C16H25NO2,3mg,2022-02-25 17:08:05,2022-02-25 17:10:40,1.0,['20220225-091008']
768,Tramadol,C16H25NO2,3mg,2022-02-25 17:11:05,2022-02-25 17:12:58,1.0,['20220225-090953']
762,Ciprofloxacin,C17H18FN2O3,2mg,2022-03-11 15:25:00,2022-03-11 15:26:32,1.0,['20220310-113536']
763,Ciprofloxacin,C17H18FN2O3,2.1mg,2022-03-11 15:27:59,2022-03-11 15:29:44,1.0,['20220310-113630']
764,Verapamil,C27H38N2O4,0.6mg,2022-03-11 15:31:40,2022-03-11 15:32:45,1.0,['20220310-113652']
765,Verapamil,C27H38N2O4,0.3mg,2022-03-11 15:33:19,2022-03-11 15:34:20,1.0,['20220310-113707']
766,Temoin,H20,0mg,2022-03-11 15:35:24,2022-03-11 15:36:11,1.0,['20220310-113723']
767,Ofloxacin,C18H20FN3O4,15mg,2022-03-11 15:45:48,2022-03-11 15:47:55,1.0,['20220310-113737']
768,Ofloxacin,C18H20FN3O4,10mg,2022-03-11 15:48:18,2022-03-11 15:50:35,1.0,['20220310-113753']
769,Tramadol,C16H25NO2,1.5mg,2022-03-11 15:51:54,2022-03-11 15:53:10,1.0,['20220310-113807']
762,Ciprofloxacin,C17H18FN2O3,15mg,2022-03-18 16:54:00,2022-03-18 16:55:54,1.0,['20220317-164649']
763,Ciprofloxacin,C17H18FN2O3,15mg,2022-03-18 16:56:39,2022-03-18 16:58:40,1.0,['20220317-165509']
767,Ofloxacin,C18H20FN3O4,15mg,2022-03-18 17:07:49,2022-03-18 17:08:35,1.0,['20220317-164814']
768,Ofloxacin,C18H20FN3O4,15mg,2022-03-18 17:08:55,2022-03-18 17:09:30,1.0,['20220317-165322']
766,Temoin,H20,0mg,2022-03-18 17:09:00,2022-03-18 17:09:55,1.0,['20220317-165920']
769,Tramadol,C16H25NO2,3mg,2022-03-18 17:17:32,2022-03-18 17:18:07,1.0,['20220317-164759']
765,Verapamil,C27H38N2O4,0.8mg,2022-03-18 17:19:15,2022-03-18 17:19:38,1.0,['20220317-164730']
764,MHPC724,U,10mg,2022-03-18 17:22:53,2022-03-18 17:24:13,1.0,['20220317-164716']
760,Acide Acrylique,C3H4O2,10mg,2022-04-01 15:20:20,2022-04-01 15:21:57,1.0,['20220401-110005']
761,L1000,U,0ug,2022-04-01 15:24:16,2022-04-01 15:26:12,1.0,['20220401-110027']
762,H40,U,13mg,2022-04-01 15:26:57,2022-04-01 15:29:28,1.0,['20220401-110043']
763,MHPC724,U,10mg,2022-04-01 15:30:34,2022-04-01 15:32:24,1.0,['20220401-110105']
764,A736,U,10mg,2022-04-01 15:33:24,2022-04-01 15:35:16,1.0,['20220401-110132']
765,P520,U,10mg,2022-04-01 15:36:07,2022-04-01 15:37:55,1.0,['20220401-110136']
766,2A1,U,17mg,2022-04-01 15:39:01,2022-04-01 15:40:45,1.0,['20220401-110158']
767,Soja,C11H9N3O2Na,67mg,2022-04-01 15:41:31,2022-04-01 15:45:26,1.0,['20220401-110620']
767,Mercury,HgCl2,1ug,2022-04-15 17:33:47,2022-04-15 17:35:24,1.0,['20220415-111716']
768,Mercury,HgCl2,3ug,2022-04-15 17:35:59,2022-04-15 17:36:27,1.0,['20220415-111606']
769,Mercury,HgCl2,10ug,2022-04-15 17:37:49,2022-04-15 17:38:40,1.0,['20220415-111644']
760,Cypermethrine,C22H19Cl2NO3,1ug,2022-04-15 17:42:00,2022-04-15 17:42:46,1.0,['20220415-111233']
761,Cypermethrine,C22H19Cl2NO3,2.5ug,2022-04-15 17:43:14,2022-04-15 17:43:45,1.0,['20220415-111307']
762,Cypermethrine,C22H19Cl2NO3,10ug,2022-04-15 17:44:39,2022-04-15 17:45:27,1.0,['20220415-112155']
763,Chlorfenvinphos,C12H14Cl3O4P,1ug,2022-04-15 17:49:52,2022-04-15 17:50:36,1.0,['20220415-111416']
764,Chlorfenvinphos,C12H14Cl3O4P,3ug,2022-04-15 17:51:15,2022-04-15 17:51:58,1.0,['20220415-111442']
765,Chlorfenvinphos,C12H14Cl3O4P,10ug,2022-04-15 17:52:06,2022-04-15 17:53:02,1.0,['20220415-111506']
766,Temoin,H20,0mg,2022-04-15 18:00:22,2022-04-15 18:01:07,1.0,['20220415-111526']
760,Cypermethrine,C22H19Cl2NO3,0.5ug,2022-04-29 12:11:00,2022-04-29 12:11:40,1.0,['20220429-003026']
761,Cypermethrine,C22H19Cl2NO3,0.5ug,2022-04-29 12:11:46,2022-04-29 12:12:25,1.0,['20220429-094558']
762,Chlorfenvinphos,C12H14Cl3O4P,3ug,2022-04-29 12:13:17,2022-04-29 12:14:09,1.0,['20220429-003041']
763,Chlorfenvinphos,C12H14Cl3O4P,3ug,2022-04-29 12:14:13,2022-04-29 12:15:00,1.0,['20220429-003058']
764,Mercury,HgCl2,3ug,2022-04-29 12:16:29,2022-04-29 12:17:11,1.0,['20220429-094823']
765,Mercury,HgCl2,3ug,2022-04-29 12:17:15,2022-04-29 12:17:56,1.0,['20220429-095814']
766,Ibuprofen,C13H18O2,4mg,2022-04-29 12:27:00,2022-04-29 12:27:49,1.0,['20220429-100257']
767,Ibuprofen,C13H18O2,4ug,2022-04-29 12:27:50,2022-04-29 12:28:10,1.0,['20220429-003202']
760,Cypermethrine,C22H19Cl2NO3,0.5ug,2022-05-13 14:32:37,2022-05-13 14:33:37,0.0,['20220511-092505' '20220513-104144']
761,Chlorfenvinphos,C12H14Cl3O4P,3ug,2022-05-13 14:34:41,2022-05-13 14:35:42,1.0,['20220513-103826']
762,Mercury,HgCl2,3ug,2022-05-13 14:36:53,2022-05-13 14:37:57,0.0,['20220511-092414' '20220513-104202']
763,1-chlorodecane,C10H21Cl,2mg,2022-05-13 14:39:24,2022-05-13 14:40:23,1.0,['20220513-103947']
764,1-chlorodecane,C10H21Cl,10mg,2022-05-13 14:40:57,2022-05-13 14:42:07,0.0,['20220513-103925' '20220513-104310']
765,ButyltinTrichloride,C4H9Cl3Sn,2mg,2022-05-13 14:44:22,2022-05-13 14:45:35,1.0,['20220513-105745']
767,ButyltinTrichloride,C4H9Cl3Sn,10mg,2022-05-13 14:46:42,2022-05-13 14:47:43,1.0,['20220513-104026']
766,Acetone,C3H6O,0mg,2022-05-13 14:51:14,2022-05-13 14:52:04,1.0,['20220513-104341']
769,Imidacloprid,C9H10ClN5O2,100ug,2022-05-13 14:56:42,2022-05-13 14:58:18,1.0,['20220513-104053']
760,1-chlorodecane,C10H21Cl,2mg,2022-05-27 11:36:12,2022-05-27 11:36:38,1.0,['20220527-111515']
762,ButyltinTrichloride,C4H9Cl3Sn,2mg,2022-05-27 11:36:50,2022-05-27 11:37:08,1.0,['20220527-111642']
764,Quinoxyfen,C15H8Cl2FNO,153ug,2022-05-27 11:37:15,2022-05-27 11:37:31,1.0,['20220527-112031']
766,Chlorothanolil,C8Cl4N2,213ug,2022-05-27 11:37:40,2022-05-27 11:37:56,1.0,['20220527-112057']
761,1-chlorodecane,C10H21Cl,2mg,2022-05-27 11:38:30,2022-05-27 11:39:17,1.0,['20220527-111630']
763,ButyltinTrichloride,C4H9Cl3Sn,2mg,2022-05-27 11:39:40,2022-05-27 11:41:00,1.0,['20220527-112018']
765,Quinoxyfen,C15H8Cl2FNO,306ug,2022-05-27 11:41:40,2022-05-27 11:43:28,1.0,['20220527-112414']
767,Chlorothanolil,C8Cl4N2,426ug,2022-05-27 11:44:40,2022-05-27 11:45:55,1.0,['20220527-111737']
766,Quinoxyfen,C15H8Cl2FNO,306ug,2022-06-11 05:31:07,2022-06-11 05:31:46,1.0,['20220610-101320']
767,Quinoxyfen,C15H8Cl2FNO,306ug,2022-06-11 05:32:30,2022-06-11 05:33:36,1.0,['20220610-110015']
768,Chlorothanolil,C8Cl4N2,213ug,2022-06-11 05:33:46,2022-06-11 05:35:02,1.0,['20220610-101334']
769,Chlorothanolil,C8Cl4N2,213ug,2022-06-11 05:35:30,2022-06-11 05:36:08,1.0,['20220610-113241']
760,Isodrin,C12H8Cl6,50ug,2022-06-17 16:07:30,2022-06-17 16:08:39,1.0,['20220617-134636']
761,Isodrin,C12H8Cl6,50ug,2022-06-17 16:08:59,2022-06-17 16:09:56,1.0,['20220617-134653']
762,Acetone,C3H6O,0mg,2022-06-17 16:10:50,2022-06-17 16:11:56,1.0,['20220617-134701']
763,Dicofol,C14H9Cl5O,50ug,2022-06-17 16:12:56,2022-06-17 16:13:53,1.0,['20220617-135632']
764,Dicofol,C14H9Cl5O,50ug,2022-06-17 16:14:24,2022-06-17 16:15:20,1.0,['20220617-134743']
760,Cypermethrine,C22H19Cl2NO3,500ng,2022-06-24 18:02:00,2022-06-24 18:03:56,1.0,['20220624-102415']
761,Chlorfenvinphos,C12H14Cl3O4P,3ug,2022-06-24 18:05:25,2022-06-24 18:06:35,1.0,['20220624-103529']
762,Mercury,HgCl2,3ug,2022-06-24 18:08:35,2022-06-24 18:09:20,1.0,['20220624-102542']
763,Dicofol,C14H9Cl5O,50ug,2022-06-24 18:10:58,2022-06-24 18:11:45,1.0,['20220624-102555']
764,Isodrin,C12H8Cl6,50ug,2022-06-24 18:13:10,2022-06-24 18:14:17,1.0,['20220624-103026']
760,Cypermethrine,C22H19Cl2NO3,500ng,2022-07-08 18:44:42,2022-07-08 18:45:42,1.0,['20220708-095221']
761,Chlorfenvinphos,C12H14Cl3O4P,3ug,2022-07-08 18:47:10,2022-07-08 18:48:22,1.0,['20220708-115715']
762,Mercury,HgCl2,3ug,2022-07-08 18:50:07,2022-07-08 18:50:56,1.0,['20220708-095301']
763,Isodrin,C12H8Cl6,50ug,2022-07-08 18:53:00,2022-07-08 18:54:07,1.0,['20220708-100827']
764,AzinphosMethyl,C10PN3H12S2O3,1ug,2022-07-08 18:57:20,2022-07-08 18:58:10,1.0,['20220708-100844']
765,AzinphosMethyl,C10PN3H12S2O3,3ug,2022-07-08 18:58:45,2022-07-08 18:59:37,1.0,['20220708-095539']
766,Diazinon,C12H21N2O3PS,1ug,2022-07-08 19:02:27,2022-07-08 19:03:16,1.0,['20220708-095601']
767,Diazinon,C12H21N2O3PS,3ug,2022-07-08 19:03:48,2022-07-08 19:04:47,1.0,['20220708-115831']
768,FentinChloride,C18H15ClSn,5ug,2022-07-08 19:06:04,2022-07-08 19:06:49,1.0,['20220708-095817']
769,FentinChloride,C18H15ClSn,10ug,2022-07-08 19:06:56,2022-07-08 19:07:45,1.0,['20220708-115846']
760,AzinphosMethyl,C10PN3H12S2O3,10ug,2022-07-22 18:33:50,2022-07-22 18:35:00,1.0,['20220722-102545']
761,AzinphosMethyl,C10PN3H12S2O3,10ug,2022-07-22 18:35:30,2022-07-22 18:36:35,1.0,['20220722-153811']
762,AzinphosMethyl,C10PN3H12S2O3,10ug,2022-07-22 18:36:55,2022-07-22 18:38:15,1.0,['20220722-102712']
763,Diazinon,C12H21N2O3PS,10ug,2022-07-22 18:40:03,2022-07-22 18:40:59,0.0,['20220722-102742' '20220722-105717' '20220722-105956']
764,Diazinon,C12H21N2O3PS,10ug,2022-07-22 18:41:25,2022-07-22 18:42:38,1.0,['20220722-102817']
766,Diazinon,C12H21N2O3PS,10ug,2022-07-22 18:43:15,2022-07-22 18:44:43,1.0,['20220722-112734']
767,Diazinon,C12H21N2O3PS,10ug,2022-07-22 18:45:29,2022-07-22 18:47:06,1.0,['20220722-153506']
765,FentinChloride,C12H21N2O3PS,10ug,2022-07-22 18:48:35,2022-07-22 18:49:55,1.0,['20220722-110349']
768,FentinChloride,C18H15ClSn,10ug,2022-07-22 18:50:50,2022-07-22 18:51:51,1.0,['20220722-103017']
769,FentinChloride,C18H15ClSn,10ug,2022-07-22 18:52:20,2022-07-22 18:53:48,1.0,['20220722-103059']
760,Diazinon,C12H21N2O3PS,10ug,2022-07-29 12:17:00,2022-07-29 12:18:23,1.0,['20220728-165820']
763,Diazinon,C12H21N2O3PS,10ug,2022-07-29 12:19:03,2022-07-29 12:20:11,1.0,['20220728-165926']
761,AzinphosMethyl,C10PN3H12S2O3,10ug,2022-07-29 12:21:16,2022-07-29 12:22:44,1.0,['20220728-170314']
762,AzinphosMethyl,C10PN3H12S2O3,10ug,2022-07-29 12:23:00,2022-07-29 12:24:10,1.0,['20220728-165849']
764,FentinChloride,C18H15ClSn,10ug,2022-07-29 12:27:16,2022-07-29 12:28:21,1.0,['20220728-170325']
765,Quinoxyfen,C15H8Cl2FNO,10ug,2022-07-29 12:29:53,2022-07-29 12:31:03,1.0,['20220728-170411']
766,Acetone,C3H6O,10ug,2022-07-29 12:33:07,2022-07-29 12:34:23,1.0,['20220728-170027']
767,Chlorothanolil,C8Cl4N2,10ug,2022-07-29 12:35:17,2022-07-29 12:36:35,1.0,['20220728-170048']
768,Isodrin,C12H8Cl6,10ug,2022-07-29 12:37:21,2022-07-29 12:38:27,1.0,['20220728-170129']
769,Dicofol,C14H9Cl5O,10ug,2022-07-29 12:39:00,2022-07-29 12:40:20,1.0,['20220728-170112']
760,Acide Acrylique,C3H4O2,10mg,2022-12-19 07:56:12,2022-12-19 07:57:00,1.0,['20221219-064523']
761,L1000,na,0ug,2022-12-19 07:58:50,2022-12-19 07:59:22,1.0,['20221219-064609']
762,H40,na,13mg,2022-12-19 08:00:50,2022-12-19 08:01:51,1.0,['20221219-064645']
763,MHPC724,na,10mg,2022-12-19 08:04:21,2022-12-19 08:05:03,1.0,['20221219-065022']
764,A736,na,10mg,2022-12-19 08:06:30,2022-12-19 08:07:15,1.0,['20221219-064743']
765,P520,na,10mg,2022-12-19 08:08:51,2022-12-19 08:09:34,1.0,['20221219-065318']
767,Soja,C11H9N3O2Na,67mg,2022-12-19 08:10:50,2022-12-19 08:12:04,1.0,['20221219-064922']
766,2A1,na,17mg,2022-12-19 08:38:34,2022-12-19 08:39:05,1.0,['20221219-081709']
760,Acide Acrylique,C3H4O2,10mg,2022-12-23 14:28:00,2022-12-23 14:25:51,1.0,['20221223-111429']
761,L1000,na,0ug,2022-12-23 14:31:00,2022-12-23 14:31:49,1.0,['20221223-111459']
762,H40,na,13mg,2022-12-23 14:34:00,2022-12-23 14:34:51,1.0,['20221223-111604']
763,MHPC724,na,10mg,2022-12-23 14:37:00,2022-12-23 14:37:51,1.0,['20221223-111636']
764,P520,na,10mg,2022-12-23 14:40:00,2022-12-23 14:41:00,1.0,['20221223-125435']
765,A736,na,10mg,2022-12-23 14:43:00,2022-12-23 14:44:00,1.0,['20221223-124835']
766,2A1,na,17mg,2022-12-23 14:46:00,2022-12-23 14:46:54,1.0,['20221223-112741']
767,Soja,C11H9N3O2Na,67mg,2022-12-23 14:49:00,2022-12-23 14:50:30,1.0,['20221223-112011']
760,MC-LR,na,200ng,2023-02-24 17:24:50,2023-02-24 17:25:08,1.0,['20230224-110817']
761,MC-LR,na,200ng,2023-02-24 17:25:42,2023-02-24 17:26:50,1.0,['20230224-110916']
762,MC-LR,na,200ng,2023-02-24 17:27:52,2023-02-24 17:28:26,1.0,['20230224-140307']
763,MC-LR,na,1ug,2023-02-24 17:29:40,2023-02-24 17:30:29,1.0,['20230224-110946']
764,MC-LR,na,1ug,2023-02-24 17:31:42,2023-02-24 17:32:19,1.0,['20230224-111008']
765,MC-LR,na,1ug,2023-02-24 17:33:12,2023-02-24 17:33:57,1.0,['20230224-143853']
767,MC-LR,na,5ug,2023-02-24 17:39:22,2023-02-24 17:40:11,1.0,['20230224-111151']
768,MC-LR,na,5ug,2023-02-24 17:40:42,2023-02-24 17:41:42,1.0,['20230224-111213']
766,Methanol,CH3OH,1ug,2023-02-24 17:47:50,2023-02-24 17:48:30,1.0,['20230224-111116']
769,Methanol,CH3OH,5ug,2023-02-24 17:49:30,2023-02-24 17:49:54,1.0,['20230224-111239']
